key,title,type,status,sources
home,Trang chủ,page,RECOVERED_STRUCTURE,
about,Giới thiệu,page,RECONSTRUCTED,https://file.fpts.com.vn/FileStore2/File/2024/04/19/PCN_2024-4-19_00da403_BCTN_DMC_final_da_ky_so.pdf | https://asemconnectvietnam.gov.vn/Business.aspx?Biz_id=9923&ID1=1&ZID1=0
news,Tin tức,page,MISSING_BODY,
product,Sản phẩm,page,RECONSTRUCTED,https://pvchem.com.vn/uploaded/bao%20cao%20thuong%20nien%202015.pdf | https://www.pvn.vn/tong-cong-ty-dung-dich-khoan-va-hoa-pham-dau-khi-uu-tien-dau-tu-khoa-hoc-cong-nghe-3115 | https://asemconnectvietnam.gov.vn/Business.aspx?Biz_id=9923&ID1=1&ZID1=0
prod-main,Sản phẩm chủ yếu,page,RECONSTRUCTED,https://pvchem.com.vn/uploaded/bao%20cao%20thuong%20nien%202015.pdf | https://www.pvn.vn/tong-cong-ty-dung-dich-khoan-va-hoa-pham-dau-khi-uu-tien-dau-tu-khoa-hoc-cong-nghe-3115
prod-drilling,Hóa chất dung dịch khoan,page,RECONSTRUCTED,https://pvchem.com.vn/uploaded/bao%20cao%20thuong%20nien%202015.pdf | https://www.pvn.vn/tong-cong-ty-dung-dich-khoan-va-hoa-pham-dau-khi-uu-tien-dau-tu-khoa-hoc-cong-nghe-3115 | https://file.fpts.com.vn/FileStore2/File/2024/04/19/PCN_2024-4-19_00da403_BCTN_DMC_final_da_ky_so.pdf
prod-refinery,Sản phẩm lọc hóa dầu,page,RECONSTRUCTED,https://asemconnectvietnam.gov.vn/Business.aspx?Biz_id=9923&ID1=1&ZID1=0
prod-other,Sản phẩm khác,page,RECONSTRUCTED,https://asemconnectvietnam.gov.vn/Business.aspx?Biz_id=9923&ID1=1&ZID1=0 | https://file.fpts.com.vn/FileStore2/File/2024/04/19/PCN_2024-4-19_00da403_BCTN_DMC_final_da_ky_so.pdf
quality,Quản lý chất lượng,page,RECONSTRUCTED,https://file.fpts.com.vn/FileStore2/File/2024/04/19/PCN_2024-4-19_00da403_BCTN_DMC_final_da_ky_so.pdf
activities,Hoạt động,page,RECOVERED_STRUCTURE,
business,Sản xuất kinh doanh,page,RECONSTRUCTED,https://www.pvn.vn/tong-cong-ty-dung-dich-khoan-va-hoa-pham-dau-khi-uu-tien-dau-tu-khoa-hoc-cong-nghe-3115
party,Đảng bộ Công ty,page,MISSING_BODY,
party-company,Đảng bộ Công ty DMC - MB,page,MISSING_BODY,
party-admin,Chi bộ khối Hành chính,page,MISSING_BODY,
party-prof,Chi bộ khối Nghiệp vụ,page,MISSING_BODY,
party-tech,Chi bộ khối Kỹ thuật,page,MISSING_BODY,
party-prod,Chi bộ khối Sản xuất,page,MISSING_BODY,
culture,Văn hóa thể thao,page,MISSING_BODY,
union,Công đoàn cơ sở,page,MISSING_BODY,
veterans,Hội Cựu chiến binh,page,MISSING_BODY,
youth,Đoàn thanh niên,page,MISSING_BODY,
ir,Quan hệ cổ đông,page,RECOVERED_STRUCTURE,
annual,Báo cáo thường niên,page,RECOVERED_STRUCTURE,
governance,Báo cáo tình hình quản trị,page,RECOVERED_STRUCTURE,
financial,Báo cáo tài chính,page,RECOVERED_STRUCTURE,
agm,Đại hội đồng cổ đông,page,RECOVERED_STRUCTURE,
stock,Cổ phiếu niêm yết,page,RECONSTRUCTED,https://portal.hnx.vn/vi-vn/ModuleIssuer/UC_Issuer/Details/PCN/UC
audit,Hợp đồng kiểm toán,page,RECOVERED_STRUCTURE,
customers,Khách hàng,page,RECOVERED_STRUCTURE,
customers-external,Đối tác nước ngoài,page,MISSING_BODY,
customers-domestic,Đối tác trong nước,page,MISSING_BODY,
customers-key,Khách hàng tiêu biểu,page,MISSING_BODY,
services,Dịch vụ,page,RECONSTRUCTED,https://pvchem.com.vn/uploaded/bao%20cao%20thuong%20nien%202015.pdf | https://file.fpts.com.vn/FileStore2/File/2024/04/19/PCN_2024-4-19_00da403_BCTN_DMC_final_da_ky_so.pdf
logistics,Một số hoạt động logistics,page,RECONSTRUCTED,https://pvchem.com.vn/uploaded/bao%20cao%20thuong%20nien%202015.pdf
rules,"Quy chế, nội quy",page,RECOVERED_STRUCTURE,
charter,Điều lệ,page,RECOVERED_STRUCTURE,
legacy-2019,Năm 2019,page,MISSING_BODY,
contact,Liên hệ,page,RECONSTRUCTED,https://file.fpts.com.vn/FileStore2/File/2024/04/19/PCN_2024-4-19_00da403_BCTN_DMC_final_da_ky_so.pdf | https://portal.hnx.vn/vi-vn/ModuleIssuer/UC_Issuer/Details/PCN/UC
home-agm-resolution-2020,"BIÊN BẢN, NGHỊ QUYẾT ĐẠI HỘI ĐỒNG CỔ ĐÔNG THƯỜNG NIÊN NĂM 2020",post,RECOVERED_HTML,
home-agm-invite-2020,Thư mời họp Đại hội đồng cổ đông thường niên năm 2020,post,RECOVERED_HTML,
home-agm-docs-2020,TÀI LIỆU HỌP ĐHĐCĐ THƯỜNG NIÊN NĂM 2020,post,RECOVERED_HTML,
home-record-date-2020,Thông báo số 22/DMCN-VP,post,RECOVERED_HTML,
fs-2018-q1,Báo cáo tài chính Quý I năm 2018,document,RECOVERED_LOCAL,
fs-2018-q2,Báo cáo tài chính Quý II năm 2018,document,RECOVERED_LOCAL,
fs-2018-h1,Báo cáo tài chính 6 tháng đầu năm 2018,document,RECOVERED_LOCAL,
fs-2018-q3-corr,Báo cáo tài chính Quý III năm 2018 (đính chính),document,RECOVERED_LOCAL,https://portal.hnx.vn/vi-vn/ModuleIssuer/UC_Issuer/Details/PCN/UC
fs-2018-q4,Báo cáo tài chính Quý IV năm 2018,document,RECOVERED_PUBLIC_INDEX,https://cafef.vn/du-lieu/pcn-1687312/pcn-giai-trinh-bao-cao-tai-chinh-quy-42018.chn
fs-2018-audited,Báo cáo tài chính năm 2018 (kiểm toán),document,CONFIRMED_FILE_PENDING,https://portal.hnx.vn/vi-vn/ModuleIssuer/UC_Issuer/Details/PCN/UC
gov-2018,Báo cáo quản trị công ty năm 2018,document,RECOVERED_PUBLIC_INDEX,https://cafef.vn/du-lieu/pcn-1318066/pcn-bao-cao-quan-tri-cong-ty-nam-2018.chn
annual-2016,Báo cáo thường niên 2016,document,RECOVERED_PUBLIC_INDEX,https://cafef.vn/du-lieu/pcn-1124062/pcn-bao-cao-thuong-nien-2016.chn
annual-2018,Báo cáo thường niên 2018,document,CONFIRMED_FILE_PENDING,https://portal.hnx.vn/vi-vn/ModuleIssuer/UC_Issuer/Details/PCN/UC
annual-2019,Báo cáo thường niên 2019,document,CONFIRMED_FILE_PENDING,https://simplize.vn/co-phieu/PCN/bao-cao
annual-2023,Báo cáo thường niên 2023,document,RECOVERED_PUBLIC_FILE,https://file.fpts.com.vn/FileStore2/File/2024/04/19/PCN_2024-4-19_00da403_BCTN_DMC_final_da_ky_so.pdf
charter-2018,Điều lệ tổ chức và hoạt động năm 2018,document,RECOVERED_PUBLIC_INDEX,https://cafef.vn/du-lieu/pcn-1098181/pcn-dieu-le-to-chuc-va-hoat-dong-cua-cong-ty.chn
agm-2020-invite,Thư mời họp ĐHĐCĐ thường niên năm 2020,document,RECOVERED_LOCAL,https://cafef.vn/du-lieu/pcn-1395073/pcn-tai-lieu-hop-dai-hoi-dong-co-dong.chn
agm-2020-resolution,Biên bản số 48/BB-DMCN và Nghị quyết số 49/NQ-DMCN ĐHĐCĐ thường niên 2020,document,RECOVERED_PUBLIC_INDEX,https://cafef.vn/du-lieu/pcn-1528039/pcn-nghi-quyet-dai-hoi-dong-co-dong-thuong-nien-nam-2020.chn
