label,url,drive_id
Năm 2016,https://drive.google.com/file/d/0B-9Rk5Z1vEM3YTdfSVJkREFNSG8/view?usp=sharing,0B-9Rk5Z1vEM3YTdfSVJkREFNSG8
Năm 2017,https://drive.google.com/file/d/1807J35PADg8_XmeJzeACtpzMheC_jUn6/view?usp=sharing,1807J35PADg8_XmeJzeACtpzMheC_jUn6
Năm 2018,https://drive.google.com/file/d/1HkbZsnbZ4XzDmJW6m5PQHzdke75I5m3o/view?usp=sharing,1HkbZsnbZ4XzDmJW6m5PQHzdke75I5m3o
Năm 2019,https://drive.google.com/file/d/1wNxDnmzagRibHikaf23IUQ6kaMiw4JIK/view?usp=sharing,1wNxDnmzagRibHikaf23IUQ6kaMiw4JIK
Quý 1 năm 2018,https://drive.google.com/file/d/1RSrk-wNBhlrNoKp5hO8rjBeG_msM4SeI/view?usp=sharing,1RSrk-wNBhlrNoKp5hO8rjBeG_msM4SeI
Quý 2 năm 2018,https://drive.google.com/file/d/1yRd3itiTQ3m9lzcATzTKCwOX7YiEGLJf/view?usp=sharing,1yRd3itiTQ3m9lzcATzTKCwOX7YiEGLJf
Bán niên 2018,https://drive.google.com/file/d/1UVRto2l5CEKTI3chL9JzNK2P45gA5s0w/view?usp=sharing,1UVRto2l5CEKTI3chL9JzNK2P45gA5s0w
Quý 3 năm 2018,https://drive.google.com/file/d/16GYUskAK9IvZBQt8g7VLdmf21umVVca-/view?usp=sharing,16GYUskAK9IvZBQt8g7VLdmf21umVVca-
Quý 4 năm 2018,https://drive.google.com/file/d/1ZAGbIEuNI-xq6_DztTnW26AOfYWN5jyB/view?usp=sharing,1ZAGbIEuNI-xq6_DztTnW26AOfYWN5jyB
Báo cáo tài chính đã kiểm toán năm,https://drive.google.com/file/d/19NeBPVr6s0-dwNB6bKsEYuCQAKtnEDe6/view?usp=sharing,19NeBPVr6s0-dwNB6bKsEYuCQAKtnEDe6
Quý I năm 2019,https://drive.google.com/file/d/1SsHXdTUvboUTrVFS8dKUQ3lJtI76E8Zm/view?usp=sharing,1SsHXdTUvboUTrVFS8dKUQ3lJtI76E8Zm
Giả trình nguyên nhân tình trạng bị hủy niêm yết,https://drive.google.com/file/d/1LmWdCG3PotqqQYbWj7-9S-NeNrrDVcqZ/view?usp=sharing,1LmWdCG3PotqqQYbWj7-9S-NeNrrDVcqZ
Điều lệ (sửa đổi 2018),https://drive.google.com/file/d/1TPTBASxP711gT-jWICAOWaiCXSrUO2-r/view?usp=sharing,1TPTBASxP711gT-jWICAOWaiCXSrUO2-r
Điều lệ (sửa đổi 2019),https://drive.google.com/file/d/119D3eObAlMbrUPj-fjCDi-ZFcXSBM9cx/view?usp=sharing,119D3eObAlMbrUPj-fjCDi-ZFcXSBM9cx
Biên bản số 48/BB-DMCN & Nghị quyết số 49/NQ-DMCN Đại hội đồng cổ đông thường niên năm 2020.,https://drive.google.com/open?id=1r9utbIV0WkK_4IKoZqyX-5zdXcDCF_k1,1r9utbIV0WkK_4IKoZqyX-5zdXcDCF_k1
Thư mời họp ĐHĐCĐ thường niên năm 2020.,https://drive.google.com/file/d/1uiut9-RzJ8jxeLwR8MaeY2TSW93UR8tY/view?usp=sharing,1uiut9-RzJ8jxeLwR8MaeY2TSW93UR8tY
1. Thư mời họp ĐHĐCĐ thường niên năm 2020,https://drive.google.com/open?id=17boZQsE4-EHVTXQCbx0A_DzisSkL8AB0,17boZQsE4-EHVTXQCbx0A_DzisSkL8AB0
2. Chương trình ĐHĐCĐ thường niên năm 2020,https://drive.google.com/open?id=1fqm8mWN8u537wsUV0jJCg_A4jT0oYHdO,1fqm8mWN8u537wsUV0jJCg_A4jT0oYHdO
3.Giấy ủy quyền cá nhân tổ chức.,https://drive.google.com/open?id=1F-KQEU48fQS5OYCSjLvAGD6QS2KXzNIY,1F-KQEU48fQS5OYCSjLvAGD6QS2KXzNIY
4. Báo cáo KQ SXKD năm 2019 và KH SXKD năm 2020,https://drive.google.com/open?id=1EI4OvtZcCmtTJ7AKudgXJvnNCrrQgpWo,1EI4OvtZcCmtTJ7AKudgXJvnNCrrQgpWo
5. Báo cáo hoạt động của Hội đồng QT 2019 và KH năm 2020,https://drive.google.com/open?id=13mcZzAMpV23wPJmUqaWgfbsBRn4y_dHp,13mcZzAMpV23wPJmUqaWgfbsBRn4y_dHp
6. Báo cáo hoạt động của BKS 2019 và KH năm 2020.,https://drive.google.com/open?id=11LhXc21e0P6PzjKjVAjUpnl0f3oeuj1t,11LhXc21e0P6PzjKjVAjUpnl0f3oeuj1t
7. Phụ lục KH SXKD năm 2020.,https://drive.google.com/open?id=1Lktga0StwUn99P73R3gOMf0AICcyUVx_,1Lktga0StwUn99P73R3gOMf0AICcyUVx_
8. Phụ lục báo cáo tiền lương năm 2019 KH tiền lương 2020.,https://drive.google.com/open?id=1FD9kfPQp4pSMRT-yraOp6V-TlWm3dp2n,1FD9kfPQp4pSMRT-yraOp6V-TlWm3dp2n
9. Phụ lục sửa đổi Điều lệ 2020.,https://drive.google.com/open?id=1MAg_bFuziPDYQJp1XPs5QYlxI_Oy1S5z,1MAg_bFuziPDYQJp1XPs5QYlxI_Oy1S5z
10. Thông qua báo cáo tài chính năm 2019.,https://drive.google.com/open?id=1md_kUhCtb4p8nkE09Tk5xPPv4BGURYGY,1md_kUhCtb4p8nkE09Tk5xPPv4BGURYGY
11. Tờ trình miễn nhiệm TV HĐQT và thông qua nhân sự gữi chức TGĐ.,https://drive.google.com/open?id=1OgDVmu73itqoEpkJJFUvYk52f7UWlS3-,1OgDVmu73itqoEpkJJFUvYk52f7UWlS3-
12. Tờ trình sửa đổi Điều lệ DMC - Miền Bắc.,https://drive.google.com/open?id=1H4zKuzRobou6pKrQ95sbgnf5uX_dbdmT,1H4zKuzRobou6pKrQ95sbgnf5uX_dbdmT
"13. Tờ trình tiền lương, thưởng ĐHĐCĐ năm 2020.",https://drive.google.com/open?id=1Slcf6cU89x8wLm1r31ul1l04JlBeioNm,1Slcf6cU89x8wLm1r31ul1l04JlBeioNm
14. Tờ trình lựa chọn đơn vị kiểm toán năm 2020.,https://drive.google.com/open?id=1RnkMfK4xXFlcuMTa_5MZp8h74ga1tIcW,1RnkMfK4xXFlcuMTa_5MZp8h74ga1tIcW
15. Tờ trình không phân phối lợi nhuận năm 2019.,https://drive.google.com/open?id=1j_i9l_Ynnsk1Ek5cLDKYZEXOD5Xlxib2,1j_i9l_Ynnsk1Ek5cLDKYZEXOD5Xlxib2
(V/v ngày đăng ký cuối cùng để thực hiện quyền tham dự ĐHĐCĐ thường niên năm2020),https://drive.google.com/file/d/1ppIWmwzmQ1oiw5DUIE0U0cmpDyYg3yTC/view?usp=sharing,1ppIWmwzmQ1oiw5DUIE0U0cmpDyYg3yTC
